{
    "rmse": 7027.658729496418,
    "mae": 5277.863670390791,
    "r2": 0.6715636086140023
}